<?xml version='1.0' encoding='utf-8' ?><response><label><id>213</id><title>2013年【圣棋盟】内部五子棋联赛</title></label><label><id>200</id><title>2011年迎兔庆春两岸高手三番论战</title></label><label><id>199</id><title>2010年“以久之名”炫飞网络实战邀请赛</title></label><label><id>189</id><title>2008年曹冬挑战吴镝</title></label><label><id>174</id><title>2013年五子棋吧五子棋大赛</title></label><label><id>171</id><title>2013年★棋心愉悦★杀手群联赛</title></label><label><id>164</id><title>2013年湖南连珠家族网络交流赛</title></label><label><id>157</id><title>2012年爱五子棋网山口团体战</title></label><label><id>150</id><title>2012年炫飞忆久久两周年邀请赛</title></label><label><id>126</id><title>2011年国际连珠通讯赛</title></label><label><id>117</id><title>2011年爱五子棋网山口论坛战</title></label><label><id>113</id><title>2010年爱五子棋网山口论坛战</title></label><label><id>112</id><title>2009年爱五子棋网山口论坛战</title></label><label><id>91</id><title>2009年腾讯家族对抗赛</title></label><label><id>87</id><title>2008年国际连珠通讯赛</title></label><label><id>81</id><title>2008年腾讯家族对抗赛</title></label><label><id>70</id><title>2007年国际连珠通讯赛</title></label><label><id>69</id><title>2008年庆新春棋情牛奶八番棋</title></label><label><id>62</id><title>2006年国际连珠通讯赛</title></label><label><id>60</id><title>2005年国际连珠通讯赛</title></label><label><id>5</id><title>2004年中国游戏中心个人赛</title></label><label><id>209</id><title>2013年第十三届世界连珠锦标赛QT</title></label><label><id>207</id><title>2013年第十三届世界连珠锦标赛AT</title></label><label><id>116</id><title>2011年第十二届世界连珠锦标赛</title></label><label><id>95</id><title>2009年第十一届世界连珠锦标赛</title></label><label><id>75</id><title>2003年第八届世界连珠锦标赛</title></label><label><id>74</id><title>2001年第七届世界连珠锦标赛</title></label><label><id>66</id><title>1999年第六届世界连珠锦标赛</title></label><label><id>63</id><title>2005年第九届世界连珠锦标赛</title></label><label><id>52</id><title>2007年第十届世界连珠锦标赛</title></label><label><id>39</id><title>1997年第五届世界连珠锦标赛</title></label><label><id>38</id><title>1995年第四届世界连珠锦标赛</title></label><label><id>34</id><title>1993年第三届世界连珠锦标赛</title></label><label><id>28</id><title>1991年第二届世界连珠锦标赛</title></label><label><id>27</id><title>1989年第一届世界连珠锦标赛</title></label><label><id>183</id><title>上海“经纬杯”连珠名人邀请赛</title></label><label><id>182</id><title>浙江五子棋公开赛</title></label><label><id>181</id><title>全国五子棋公开赛</title></label><label><id>180</id><title>全国智力运动会</title></label><label><id>179</id><title>全国少年儿童五子棋锦标赛</title></label><label><id>178</id><title>全国五子棋团体锦标赛</title></label><label><id>177</id><title>全国五子棋锦标赛</title></label><label><id>176</id><title>全国五子棋邀请赛</title></label><label><id>175</id><title>其他国内赛事</title></label><label><id>215</id><title>2013年第4回NRS杯中段战</title></label><label><id>203</id><title>1980年日本连珠王座战</title></label><label><id>202</id><title>2011年第六期全日本连珠锦标赛</title></label><label><id>191</id><title>全日本连珠名人战</title></label><label><id>138</id><title>2012年第七期全日本连珠锦标赛</title></label><label><id>155</id><title>2012年第九届世界连珠团体锦标赛</title></label><label><id>104</id><title>2010年第八届世界连珠团体锦标赛</title></label><label><id>79</id><title>2008年第七届世界连珠团体锦标赛</title></label><label><id>151</id><title>2012年第二十届俄罗斯锦标赛最高联赛</title></label><label><id>149</id><title>2011年第十九届俄罗斯锦标赛最高联赛</title></label><label><id>148</id><title>2010年第十八届俄罗斯锦标赛最高联赛</title></label><label><id>147</id><title>2009年第十七届俄罗斯锦标赛最高联赛</title></label><label><id>134</id><title>2011年第二十九届圣彼得堡锦标赛</title></label><label><id>90</id><title>2008年第十六届俄罗斯锦标赛最高联赛</title></label><label><id>82</id><title>2008年第十三届莫斯科公开赛</title></label><label><id>51</id><title>2007年第十二届莫斯科公开赛</title></label><label><id>48</id><title>2007年第二十五届圣彼得堡锦标赛</title></label><label><id>216</id><title>2013年国际连珠通讯赛</title></label><label><id>168</id><title>2013年爱五子棋网博弈规则论坛战</title></label><label><id>107</id><title>赛事直播</title></label><label><id>205</id><title>2013年第十三届世锦赛选拔赛</title></label><label><id>201</id><title>2012年台湾名人赛</title></label><label><id>153</id><title>2009年第十一届世锦赛选拔赛</title></label><label><id>152</id><title>2012年第九届世团赛选拔赛</title></label><label><id>137</id><title>2011年第十二届世锦赛选拔赛</title></label><label><id>136</id><title>2011年协会杯五子棋大赛冬季赛</title></label><label><id>144</id><title>2011年第九届塔林公开赛</title></label><label><id>143</id><title>2010年第八届塔林公开赛</title></label><label><id>141</id><title>2011年第二十五届爱沙尼亚锦标赛</title></label><label><id>140</id><title>2009年第二十三届爱沙尼亚锦标赛</title></label><label><id>214</id><title>2013年北京高校五子棋精英赛</title></label><label><id>212</id><title>2013年宜兴市五子棋公开赛</title></label><label><id>211</id><title>2013年北京市少年儿童五子棋锦标赛</title></label><label><id>210</id><title>2013年上海南通青少年五子棋交流赛</title></label><label><id>198</id><title>2011年陕西五子棋锦标赛</title></label><label><id>188</id><title>2009年中爱高手强强对话番棋战</title></label><label><id>166</id><title>2012年苏沪精英赛</title></label><label><id>156</id><title>2012年宁波市青少年五子棋锦标赛</title></label><label><id>119</id><title>2011年苏沪精英赛</title></label><label><id>110</id><title>2011年第十二届世锦赛选拔赛</title></label><label><id>102</id><title>2010年第八届世团赛选拔赛</title></label><label><id>93</id><title>2009年南通高校五子棋邀请赛</title></label><label><id>89</id><title>2008年北京星月争霸</title></label><label><id>86</id><title>2008年北京高校五子棋邀请赛</title></label><label><id>77</id><title>2008年北京五子棋天王赛</title></label><label><id>76</id><title>2008年上海友情杯五子棋邀请赛</title></label><label><id>71</id><title>2008年上海五子棋棋王战</title></label><label><id>67</id><title>2008年北京新春杯新体验五子棋争先赛</title></label><label><id>49</id><title>2007年苏沪五子棋交流</title></label><label><id>46</id><title>2007年京沪连珠五子棋擂台赛</title></label><label><id>10</id><title>2006年河北省五子棋公开选拔赛</title></label><label><id>32</id><title>2003年第二届全国五子棋邀请赛</title></label><label><id>8</id><title>2006年第五届全国五子棋邀请赛</title></label><label><id>163</id><title>2012年第六届全国五子棋锦标赛</title></label><label><id>123</id><title>2011年第五届全国五子棋锦标赛</title></label><label><id>109</id><title>2010年第四届全国五子棋锦标赛</title></label><label><id>96</id><title>2009年第三届全国五子棋锦标赛</title></label><label><id>85</id><title>2008年第二届全国五子棋锦标赛</title></label><label><id>58</id><title>2007年第一届全国五子棋锦标赛</title></label><label><id>187</id><title>2007年第一届全国五子棋团体锦标赛</title></label><label><id>165</id><title>2013年第七届全国五子棋团体锦标赛</title></label><label><id>111</id><title>2011年第五届全国五子棋团体锦标赛</title></label><label><id>103</id><title>2010年第四届全国五子棋团体锦标赛</title></label><label><id>94</id><title>2009年第三届全国五子棋团体锦标赛</title></label><label><id>83</id><title>2008年第二届全国五子棋团体锦标赛</title></label><label><id>184</id><title>2007年第一届全国少年儿童五子棋锦标赛</title></label><label><id>160</id><title>2012年第五届全国少年儿童五子棋锦标赛</title></label><label><id>121</id><title>2011年第四届全国少年儿童五子棋锦标赛</title></label><label><id>197</id><title>2011年第二届全国智力运动会五子棋项目</title></label><label><id>97</id><title>2009年第一届全国智力运动会五子棋项目</title></label><label><id>159</id><title>2012年第三届全国五子棋公开赛</title></label><label><id>114</id><title>2011年第二届全国五子棋公开赛</title></label><label><id>105</id><title>2010年第一届全国五子棋公开赛</title></label><label><id>196</id><title>2009年第六届浙江五子棋公开赛</title></label><label><id>161</id><title>2012年第九届浙江五子棋公开赛</title></label><label><id>120</id><title>2011年第八届浙江五子棋公开赛</title></label><label><id>106</id><title>2010年第七届浙江五子棋公开赛</title></label><label><id>61</id><title>2007年第五届浙江五子棋公开赛</title></label><label><id>56</id><title>2006年第四届浙江五子棋公开赛</title></label><label><id>7</id><title>2004年第二届浙江五子棋公开赛</title></label><label><id>92</id><title>2009年第六届上海“经纬杯”连珠名人邀请赛</title></label><label><id>65</id><title>2006年第四届上海“经纬杯”连珠名人邀请赛</title></label><label><id>42</id><title>2007年第五届上海“经纬杯”连珠名人邀请赛</title></label><label><id>204</id><title>2012年第五十期挑战者决定A级联赛</title></label><label><id>146</id><title>2011年第四十九期挑战者决定A级联赛</title></label><label><id>142</id><title>2009年第四十七期挑战者决定A级联赛</title></label><label><id>108</id><title>2010年第四十八期挑战者决定A级联赛</title></label><label><id>73</id><title>名人位决定战</title></label><label><id>206</id><title>2013年第九届欧洲青少年连珠锦标赛</title></label><label><id>173</id><title>2006年第六届世界青少年连珠锦标赛</title></label><label><id>195</id><title>1999年世纪之战</title></label><label><id>172</id><title>2006年亚洲连珠锦标赛</title></label></response>